Date,Stock,Open,High,Low,Close,Volume,Change Pct
2013-01-02,20MICRONS,80.35,80.55,77.5,77.8,1088880,-3.23
2013-01-03,20MICRONS,78.58,79.78,76.0,76.4,590180,-1.8
2013-01-04,20MICRONS,76.5,77.25,75.5,75.83,380850,-0.75
2013-01-07,20MICRONS,76.88,78.0,74.0,74.9,1144204,-1.23
2013-01-08,20MICRONS,74.97,75.97,74.25,75.28,605020,0.51
2013-01-09,20MICRONS,75.9,77.5,74.4,74.72,393190,-0.74
2013-01-10,20MICRONS,75.03,75.5,74.0,74.33,362922,-0.52
2013-01-11,20MICRONS,74.55,75.75,73.7,74.0,451474,-0.44
2013-01-14,20MICRONS,74.15,74.42,73.0,73.08,333356,-1.24
2013-01-15,20MICRONS,74.4,76.75,72.53,76.05,1198216,4.06
2013-01-16,20MICRONS,72.78,77.2,72.78,75.17,463044,-1.16
2013-01-17,20MICRONS,75.5,77.0,74.58,75.2,269720,0.04
2013-01-18,20MICRONS,75.5,78.42,74.65,76.08,2354266,1.17
2013-01-21,20MICRONS,75.95,77.7,75.05,75.55,755778,-0.7
2013-01-22,20MICRONS,75.75,76.97,74.97,75.17,475772,-0.5
2013-01-23,20MICRONS,75.47,80.38,75.0,78.1,1602058,3.9
2013-01-24,20MICRONS,79.45,79.45,72.05,74.25,845836,-4.93
2013-01-25,20MICRONS,74.5,75.25,62.5,68.17,2921352,-8.19
2013-01-28,20MICRONS,67.9,80.7,67.9,71.75,2661516,5.25
2013-01-29,20MICRONS,72.4,72.5,68.0,68.85,492543,-4.04
2013-01-30,20MICRONS,68.65,68.8,67.6,68.1,377153,-1.09
2013-01-31,20MICRONS,68.1,70.15,68.0,68.8,345591,1.03
2013-02-01,20MICRONS,69.85,70.5,68.5,68.65,264315,-0.22
2013-02-04,20MICRONS,69.2,71.35,67.5,68.5,482473,-0.22
2013-02-05,20MICRONS,70.45,70.45,67.05,67.3,293756,-1.75
2013-02-06,20MICRONS,68.55,69.45,65.5,68.4,492187,1.63
2013-02-07,20MICRONS,68.05,69.4,54.75,54.75,746551,-19.96
2013-02-08,20MICRONS,43.8,43.8,43.8,43.8,23515,-20.0
2013-02-11,20MICRONS,39.45,39.45,39.45,39.45,25471,-9.93
2013-02-12,20MICRONS,35.55,35.55,35.55,35.55,17857,-9.89
2013-02-13,20MICRONS,32.0,35.95,32.0,33.75,3800618,-5.06
2013-02-14,20MICRONS,33.05,35.1,32.6,32.9,525541,-2.52
2013-02-15,20MICRONS,33.1,34.5,33.0,34.25,205574,4.1
2013-02-18,20MICRONS,35.55,35.95,34.35,35.7,596629,4.23
2013-02-19,20MICRONS,36.35,36.65,34.25,34.6,175683,-3.08
2013-02-20,20MICRONS,34.9,35.8,34.0,34.55,148626,-0.14
2013-02-21,20MICRONS,34.15,34.7,33.5,33.55,166942,-2.89
2013-02-22,20MICRONS,34.0,34.45,32.4,33.35,258850,-0.6
2013-02-25,20MICRONS,33.3,33.75,31.7,31.7,174738,-4.95
2013-02-26,20MICRONS,31.0,32.25,30.15,30.15,163162,-4.89
2013-02-27,20MICRONS,30.1,31.65,30.1,31.65,141077,4.98
2013-02-28,20MICRONS,33.15,33.2,31.7,32.1,189858,1.42
2013-03-01,20MICRONS,30.5,33.6,30.5,31.15,101214,-2.96
2013-03-04,20MICRONS,32.0,32.0,30.55,31.35,104077,0.64
2013-03-05,20MICRONS,31.5,31.8,29.8,29.85,89499,-4.78
2013-03-06,20MICRONS,30.75,31.2,29.85,31.0,85416,3.85
2013-03-07,20MICRONS,32.8,32.8,31.5,31.7,94629,2.26
2013-03-08,20MICRONS,32.35,32.55,32.15,32.25,51425,1.74
2013-03-11,20MICRONS,32.25,33.0,31.4,31.6,47627,-2.02
2013-03-12,20MICRONS,32.1,32.6,31.15,32.45,45646,2.69
2013-03-13,20MICRONS,32.45,32.45,30.4,30.65,99338,-5.55
2013-03-14,20MICRONS,30.5,32.3,30.5,31.2,71393,1.79
2013-03-15,20MICRONS,31.45,31.9,30.55,30.75,76525,-1.44
2013-03-18,20MICRONS,31.0,31.0,30.5,30.55,55153,-0.65
2013-03-19,20MICRONS,31.5,31.9,30.3,30.45,88815,-0.33
2013-03-20,20MICRONS,30.6,30.85,30.3,30.4,49646,-0.16
2013-03-21,20MICRONS,31.1,31.1,30.0,30.25,90943,-0.49
2013-03-22,20MICRONS,30.45,31.0,30.15,30.65,28183,1.32
2013-03-25,20MICRONS,31.5,31.5,30.1,30.15,71848,-1.63
2013-03-26,20MICRONS,31.45,31.45,30.15,30.25,60379,0.33
2013-03-28,20MICRONS,30.45,31.75,30.2,31.3,37770,3.47
2013-04-01,20MICRONS,32.0,32.0,30.35,30.75,46677,-1.76
2013-04-02,20MICRONS,30.75,31.0,30.4,30.85,16230,0.33
2013-04-03,20MICRONS,32.0,32.0,30.4,30.5,42198,-1.13
2013-04-04,20MICRONS,30.55,31.0,30.2,30.4,32485,-0.33
2013-04-05,20MICRONS,31.4,31.4,30.25,30.45,32705,0.16
2013-04-08,20MICRONS,30.5,30.8,30.3,30.55,28216,0.33
2013-04-09,20MICRONS,30.5,31.1,30.2,30.4,44298,-0.49
2013-04-10,20MICRONS,30.7,30.7,30.1,30.55,47885,0.49
2013-04-11,20MICRONS,31.7,31.8,30.25,30.5,22874,-0.16
2013-04-12,20MICRONS,31.2,31.2,30.15,30.5,25755,0.0
2013-04-15,20MICRONS,30.1,30.75,30.1,30.6,26980,0.33
2013-04-16,20MICRONS,30.85,30.95,30.15,30.6,26527,0.0
2013-04-17,20MICRONS,30.6,31.45,30.2,31.2,104572,1.96
2013-04-18,20MICRONS,31.8,31.9,30.5,31.0,29786,-0.64
2013-04-22,20MICRONS,31.05,31.35,30.45,30.8,29344,-0.65
2013-04-23,20MICRONS,30.55,31.45,30.55,31.0,83834,0.65
2013-04-25,20MICRONS,31.5,31.9,30.55,30.8,23618,-0.65
2013-04-26,20MICRONS,31.45,31.45,30.6,30.9,23073,0.32
2013-04-29,20MICRONS,30.9,31.35,30.5,30.8,20304,-0.32
2013-04-30,20MICRONS,30.55,31.25,30.4,30.65,101010,-0.49
2013-05-02,20MICRONS,30.65,31.15,30.5,30.7,24886,0.16
2013-05-03,20MICRONS,30.5,31.35,30.5,30.65,22495,-0.16
2013-05-06,20MICRONS,30.7,31.25,30.5,30.7,15524,0.16
2013-05-07,20MICRONS,30.55,30.85,30.5,30.8,21734,0.33
2013-05-08,20MICRONS,30.45,31.25,30.45,30.7,48720,-0.32
2013-05-09,20MICRONS,30.45,31.45,30.45,30.65,43454,-0.16
2013-05-10,20MICRONS,31.25,31.25,30.45,30.65,66450,0.0
2013-05-13,20MICRONS,30.9,31.45,30.5,30.55,18329,-0.33
2013-05-14,20MICRONS,31.25,31.25,30.45,30.7,66661,0.49
2013-05-15,20MICRONS,30.4,30.85,30.4,30.6,38795,-0.33
2013-05-16,20MICRONS,36.5,36.5,30.6,31.5,48095,2.94
2013-05-17,20MICRONS,32.1,32.1,31.15,31.35,55281,-0.48
2013-05-20,20MICRONS,31.35,31.45,30.55,31.05,19316,-0.96
2013-05-21,20MICRONS,30.45,31.35,30.45,30.9,18777,-0.48
2013-05-22,20MICRONS,31.0,31.35,30.5,30.6,71918,-0.97
2013-05-23,20MICRONS,30.55,31.1,30.2,30.6,48190,0.0
2013-05-24,20MICRONS,30.5,30.9,30.25,30.4,74193,-0.65
2013-05-27,20MICRONS,31.5,31.5,30.45,30.65,26193,0.82
2013-05-28,20MICRONS,30.6,31.3,30.5,30.65,16222,0.0
2013-05-29,20MICRONS,31.05,31.05,30.5,30.6,52698,-0.16
2013-05-30,20MICRONS,31.4,31.8,30.45,30.6,28226,0.0
2013-05-31,20MICRONS,30.2,30.8,30.2,30.45,30561,-0.49
2013-06-03,20MICRONS,31.5,31.5,30.2,30.3,26411,-0.49
2013-06-04,20MICRONS,31.0,31.0,30.35,30.4,35911,0.33
2013-06-05,20MICRONS,30.3,30.9,30.1,30.4,126978,0.0
2013-06-06,20MICRONS,30.3,30.75,30.25,30.45,69164,0.16
2013-06-07,20MICRONS,30.3,30.75,30.25,30.4,89923,-0.16
2013-06-10,20MICRONS,30.35,30.75,30.3,30.4,47251,0.0
2013-06-11,20MICRONS,30.35,31.0,30.35,30.4,51416,0.0
2013-06-12,20MICRONS,30.35,30.8,30.35,30.45,77021,0.16
2013-06-13,20MICRONS,30.6,32.8,30.25,30.5,16762,0.16
2013-06-14,20MICRONS,30.45,31.3,30.45,30.75,121938,0.82
2013-06-17,20MICRONS,31.4,31.45,30.3,30.4,57695,-1.14
2013-06-18,20MICRONS,30.25,30.9,30.25,30.35,24756,-0.16
2013-06-19,20MICRONS,30.35,30.8,30.25,30.35,22250,0.0
2013-06-20,20MICRONS,30.25,30.8,30.25,30.35,20821,0.0
2013-06-21,20MICRONS,30.25,30.7,30.25,30.3,30964,-0.16
2013-06-24,20MICRONS,30.25,30.6,30.15,30.2,20979,-0.33
2013-06-25,20MICRONS,30.4,30.85,30.2,30.25,56599,0.17
2013-06-26,20MICRONS,30.2,30.85,30.2,30.25,9874,0.0
2013-06-27,20MICRONS,30.45,30.6,30.15,30.3,34196,0.17
2013-06-28,20MICRONS,30.5,30.55,30.1,30.2,41469,-0.33
2013-07-01,20MICRONS,30.2,30.9,30.2,30.2,18840,0.0
2013-07-02,20MICRONS,30.25,30.7,30.2,30.2,12413,0.0
2013-07-03,20MICRONS,30.25,30.6,30.15,30.25,15065,0.17
2013-07-04,20MICRONS,30.2,30.6,30.2,30.35,14568,0.33
2013-07-05,20MICRONS,30.25,30.75,30.2,30.6,15006,0.82
2013-07-08,20MICRONS,30.25,30.9,30.2,30.25,94167,-1.14
2013-07-09,20MICRONS,30.15,30.8,30.15,30.35,15522,0.33
2013-07-10,20MICRONS,30.3,30.7,30.15,30.3,27886,-0.16
2013-07-11,20MICRONS,30.3,30.55,30.2,30.3,80615,0.0
2013-07-12,20MICRONS,30.25,30.65,30.25,30.45,25322,0.5
2013-07-15,20MICRONS,30.25,30.7,30.2,30.2,22722,-0.82
2013-07-16,20MICRONS,30.25,30.5,30.15,30.2,23777,0.0
2013-07-17,20MICRONS,30.3,30.55,30.2,30.25,15660,0.17
2013-07-18,20MICRONS,30.25,30.5,30.2,30.25,13029,0.0
2013-07-19,20MICRONS,30.55,30.6,30.2,30.4,15591,0.5
2013-07-22,20MICRONS,30.55,30.8,30.25,30.5,23866,0.33
2013-07-23,20MICRONS,30.75,31.0,30.45,30.95,29064,1.48
2013-07-24,20MICRONS,31.05,31.15,30.35,30.45,14189,-1.62
2013-07-25,20MICRONS,30.75,30.9,30.25,30.5,120233,0.16
2013-07-26,20MICRONS,30.75,30.75,30.2,30.7,121890,0.66
2013-07-29,20MICRONS,31.0,31.15,30.2,30.45,24199,-0.81
2013-07-30,20MICRONS,30.45,30.75,30.2,30.2,20601,-0.82
2013-07-31,20MICRONS,30.6,30.6,30.15,30.2,23536,0.0
2013-08-01,20MICRONS,31.5,31.5,30.2,30.5,121061,0.99
2013-08-02,20MICRONS,30.3,30.9,30.3,30.35,28807,-0.49
2013-08-05,20MICRONS,30.9,31.0,30.1,30.5,141364,0.49
2013-08-06,20MICRONS,30.25,30.75,30.15,30.2,148649,-0.98
2013-08-07,20MICRONS,30.25,30.7,30.25,30.3,15531,0.33
2013-08-08,20MICRONS,30.5,30.55,30.2,30.25,73834,-0.17
2013-08-12,20MICRONS,30.2,30.7,30.2,30.5,125275,0.83
2013-08-13,20MICRONS,30.3,30.7,30.2,30.45,115735,-0.16
2013-08-14,20MICRONS,30.55,30.55,30.15,30.3,34677,-0.49
2013-08-16,20MICRONS,30.25,30.5,30.15,30.15,18053,-0.5
2013-08-19,20MICRONS,30.2,30.4,30.1,30.25,32972,0.33
2013-08-20,20MICRONS,30.25,30.55,30.1,30.2,35614,-0.17
2013-08-21,20MICRONS,30.2,30.45,30.05,30.15,49416,-0.17
2013-08-22,20MICRONS,30.2,30.5,30.15,30.5,81968,1.16
2013-08-23,20MICRONS,30.25,30.75,30.1,30.2,27490,-0.98
2013-08-26,20MICRONS,30.25,30.5,30.2,30.3,16149,0.33
2013-08-27,20MICRONS,30.1,30.55,30.1,30.3,44678,0.0
2013-08-28,20MICRONS,30.5,30.5,30.15,30.25,22205,-0.17
2013-08-29,20MICRONS,30.2,36.0,30.1,31.0,48160,2.48
2013-08-30,20MICRONS,30.5,30.95,30.2,30.25,17690,-2.42
2013-09-02,20MICRONS,30.95,30.95,30.25,30.45,85610,0.66
2013-09-03,20MICRONS,30.5,30.75,30.15,30.2,72501,-0.82
2013-09-04,20MICRONS,30.45,30.8,30.15,30.4,153232,0.66
2013-09-05,20MICRONS,30.35,31.0,30.2,30.35,71859,-0.16
2013-09-06,20MICRONS,30.25,30.95,30.15,30.35,121112,0.0
2013-09-10,20MICRONS,30.35,30.7,30.2,30.3,72512,-0.16
2013-09-11,20MICRONS,30.35,30.7,30.2,30.3,107173,0.0
2013-09-12,20MICRONS,30.25,31.7,30.25,30.7,73250,1.32
2013-09-13,20MICRONS,30.25,31.5,30.25,31.35,94069,2.12
2013-09-16,20MICRONS,30.3,31.5,30.3,30.65,244903,-2.23
2013-09-17,20MICRONS,30.5,31.4,30.4,30.75,66121,0.33
2013-09-18,20MICRONS,31.9,31.9,30.55,30.85,93868,0.33
2013-09-19,20MICRONS,30.6,31.5,30.4,30.65,72443,-0.65
2013-09-20,20MICRONS,30.5,31.15,30.3,30.45,70606,-0.65
2013-09-23,20MICRONS,30.3,30.95,30.2,30.6,71149,0.49
2013-09-24,20MICRONS,30.4,31.0,30.3,30.35,153500,-0.82
2013-09-25,20MICRONS,30.3,30.8,30.3,30.4,114893,0.16
2013-09-26,20MICRONS,30.3,30.8,30.2,30.3,44988,-0.33
2013-09-27,20MICRONS,30.45,30.8,30.25,30.6,135341,0.99
2013-09-30,20MICRONS,30.75,30.9,30.25,30.3,72623,-0.98
2013-10-01,20MICRONS,30.35,31.0,30.2,30.4,124869,0.33
2013-10-03,20MICRONS,30.7,30.7,30.3,30.5,135313,0.33
2013-10-04,20MICRONS,31.65,31.65,30.3,30.5,129324,0.0
2013-10-07,20MICRONS,30.65,30.65,30.3,30.4,114511,-0.33
2013-10-08,20MICRONS,31.9,31.9,30.25,30.45,93960,0.16
2013-10-09,20MICRONS,30.65,30.8,30.4,30.55,78563,0.33
2013-10-10,20MICRONS,30.5,30.7,30.25,30.4,69277,-0.49
2013-10-11,20MICRONS,30.45,30.7,30.3,30.4,68019,0.0
2013-10-14,20MICRONS,30.75,30.9,30.3,30.65,73036,0.82
2013-10-15,20MICRONS,30.4,30.7,30.3,30.35,94143,-0.98
2013-10-17,20MICRONS,30.65,30.8,30.3,30.5,74382,0.49
2013-10-18,20MICRONS,30.6,31.5,30.45,30.55,137859,0.16
2013-10-21,20MICRONS,30.5,30.95,30.5,30.75,147058,0.65
2013-10-22,20MICRONS,31.4,33.5,30.55,32.15,263958,4.55
2013-10-23,20MICRONS,32.0,38.0,32.0,37.15,395805,15.55
2013-10-24,20MICRONS,37.2,37.2,34.6,35.1,191374,-5.52
2013-10-25,20MICRONS,36.0,36.05,32.6,33.45,88910,-4.7
2013-10-28,20MICRONS,34.05,35.0,32.25,33.8,84049,1.05
2013-10-29,20MICRONS,32.75,34.5,32.75,34.1,98479,0.89
2013-10-30,20MICRONS,34.9,35.1,33.5,34.3,72271,0.59
2013-10-31,20MICRONS,33.4,34.35,33.2,33.65,92523,-1.9
2013-11-01,20MICRONS,33.95,34.45,33.3,33.5,73677,-0.45
2013-11-05,20MICRONS,35.0,35.9,33.55,34.15,71205,1.94
2013-11-06,20MICRONS,33.9,38.3,33.9,35.2,104501,3.07
2013-11-07,20MICRONS,36.2,36.2,34.0,34.2,65514,-2.84
2013-11-08,20MICRONS,33.85,34.85,32.1,33.15,78968,-3.07
2013-11-11,20MICRONS,33.8,33.8,31.75,32.5,75144,-1.96
2013-11-12,20MICRONS,32.8,33.8,32.5,32.6,73910,0.31
2013-11-13,20MICRONS,32.2,33.7,31.05,31.3,67006,-3.99
2013-11-14,20MICRONS,31.3,32.95,31.0,31.15,70683,-0.48
2013-11-18,20MICRONS,31.25,31.7,30.75,31.35,101063,0.64
2013-11-19,20MICRONS,31.4,31.9,30.3,31.55,93856,0.64
2013-11-20,20MICRONS,31.1,32.1,31.05,31.5,137964,-0.16
2013-11-21,20MICRONS,31.0,31.9,31.0,31.7,107960,0.63
2013-11-22,20MICRONS,31.2,32.15,31.1,31.35,140898,-1.1
2013-11-25,20MICRONS,31.3,35.55,31.3,33.65,92878,7.34
2013-11-26,20MICRONS,32.5,35.85,32.5,34.2,90509,1.63
2013-11-27,20MICRONS,34.85,35.1,32.55,32.7,70777,-4.39
2013-11-28,20MICRONS,32.25,33.0,30.0,31.2,151868,-4.59
2013-11-29,20MICRONS,30.55,32.5,30.55,31.7,71519,1.6
2013-12-02,20MICRONS,32.0,32.35,30.5,30.95,95950,-2.37
2013-12-03,20MICRONS,31.1,31.95,31.0,31.3,68511,1.13
2013-12-04,20MICRONS,31.65,31.65,30.55,30.8,72591,-1.6
2013-12-05,20MICRONS,31.05,31.6,30.8,31.05,66225,0.81
2013-12-06,20MICRONS,30.95,31.45,30.95,31.2,88923,0.48
2013-12-09,20MICRONS,31.4,31.95,30.95,31.2,70676,0.0
2013-12-10,20MICRONS,31.6,31.7,30.55,31.05,58976,-0.48
2013-12-11,20MICRONS,31.4,31.65,30.9,31.15,80099,0.32
2013-12-12,20MICRONS,31.0,31.45,30.8,30.9,57615,-0.8
2013-12-13,20MICRONS,31.2,31.35,30.55,30.65,70406,-0.81
2013-12-16,20MICRONS,32.0,32.0,30.55,30.6,60455,-0.16
2013-12-17,20MICRONS,30.9,31.5,30.5,30.8,53624,0.65
2013-12-18,20MICRONS,30.55,31.3,30.55,30.8,50889,0.0
2013-12-19,20MICRONS,31.0,31.3,30.6,30.8,37781,0.0
2013-12-20,20MICRONS,30.75,32.0,30.65,31.2,88613,1.3
2013-12-23,20MICRONS,31.2,31.6,30.7,30.85,48759,-1.12
2013-12-24,20MICRONS,30.95,31.2,30.7,30.9,42475,0.16
2013-12-26,20MICRONS,30.95,34.45,30.9,32.55,71152,5.34
2013-12-27,20MICRONS,31.7,34.0,31.7,32.6,87526,0.15
2013-12-30,20MICRONS,32.85,33.55,31.6,31.95,74886,-1.99
2013-12-31,20MICRONS,31.95,33.0,30.4,31.1,52457,-2.66
2014-01-01,20MICRONS,31.45,32.25,31.25,31.75,39298,2.09
2014-01-02,20MICRONS,32.0,33.5,30.8,31.2,41327,-1.73
2014-01-03,20MICRONS,31.05,31.4,30.8,30.95,68103,-0.8
2014-01-06,20MICRONS,31.3,31.5,30.95,31.2,21721,0.81
2014-01-07,20MICRONS,31.55,31.55,30.8,30.95,22478,-0.8
2014-01-08,20MICRONS,31.3,31.35,30.9,30.95,18911,0.0
2014-01-09,20MICRONS,31.15,33.1,30.2,30.8,50613,-0.48
2014-01-10,20MICRONS,30.7,31.25,30.65,30.8,67440,0.0
2014-01-13,20MICRONS,30.7,32.5,30.6,30.7,27246,-0.32
2014-01-14,20MICRONS,30.75,31.2,30.6,30.8,38337,0.33
2014-01-15,20MICRONS,30.75,31.05,30.7,30.85,80741,0.16
2014-01-16,20MICRONS,31.0,31.45,30.6,30.65,65454,-0.65
2014-01-17,20MICRONS,31.0,31.0,30.5,30.65,123045,0.0
2014-01-20,20MICRONS,31.95,31.95,30.5,30.65,135720,0.0
2014-01-21,20MICRONS,30.65,31.05,30.55,30.7,87960,0.16
2014-01-22,20MICRONS,30.65,30.95,30.55,30.9,75952,0.65
2014-01-23,20MICRONS,30.85,30.95,30.5,30.65,65938,-0.81
2014-01-24,20MICRONS,30.6,31.0,30.55,30.8,118391,0.49
2014-01-27,20MICRONS,30.75,31.0,30.5,30.7,114573,-0.32
2014-01-28,20MICRONS,30.65,31.1,30.4,30.75,88522,0.16
2014-01-29,20MICRONS,31.55,31.75,30.55,31.0,39672,0.81
2014-01-30,20MICRONS,30.95,31.5,30.6,30.8,52105,-0.65
2014-01-31,20MICRONS,30.7,32.9,30.65,31.0,120502,0.65
2014-02-03,20MICRONS,31.55,31.6,30.5,30.75,98458,-0.81
2014-02-04,20MICRONS,30.85,32.0,30.55,31.2,79541,1.46
2014-02-05,20MICRONS,31.35,31.35,30.85,31.1,78935,-0.32
2014-02-06,20MICRONS,31.35,31.75,30.75,31.6,112418,1.61
2014-02-07,20MICRONS,32.2,32.9,31.35,32.55,114058,3.01
2014-02-10,20MICRONS,33.0,33.0,31.35,31.85,85995,-2.15
2014-02-11,20MICRONS,31.55,33.0,31.25,32.05,68512,0.63
2014-02-12,20MICRONS,32.3,32.35,30.9,31.1,66013,-2.96
2014-02-13,20MICRONS,31.3,31.7,30.4,30.5,84724,-1.93
2014-02-14,20MICRONS,30.55,31.0,30.3,30.45,120456,-0.16
2014-02-17,20MICRONS,30.95,30.95,30.4,30.5,78808,0.16
2014-02-18,20MICRONS,30.85,30.85,30.2,30.3,114090,-0.66
2014-02-19,20MICRONS,30.55,30.95,30.35,30.35,99548,0.17
2014-02-20,20MICRONS,30.5,30.8,30.2,30.25,111713,-0.33
2014-02-21,20MICRONS,30.45,30.55,30.25,30.35,79364,0.33
2014-02-24,20MICRONS,30.7,30.7,30.3,30.35,64704,0.0
2014-02-25,20MICRONS,30.8,30.8,30.25,30.45,84395,0.33
2014-02-26,20MICRONS,30.35,30.7,30.25,30.3,120413,-0.49
2014-02-28,20MICRONS,30.45,30.5,30.25,30.35,120452,0.17
2014-03-03,20MICRONS,30.5,30.75,30.2,30.3,106759,-0.16
2014-03-04,20MICRONS,30.5,30.55,30.2,30.3,142558,0.0
2014-03-05,20MICRONS,30.45,30.55,30.1,30.2,115527,-0.33
2014-03-06,20MICRONS,30.4,31.55,30.1,30.65,96092,1.49
2014-03-07,20MICRONS,30.35,30.9,30.3,30.45,95895,-0.65
2014-03-10,20MICRONS,30.25,36.5,30.25,30.7,129845,0.82
2014-03-11,20MICRONS,30.4,33.8,30.4,31.25,95256,1.79
2014-03-12,20MICRONS,31.25,31.3,30.7,30.95,79170,-0.96
2014-03-13,20MICRONS,30.6,31.45,30.5,30.6,97616,-1.13
2014-03-14,20MICRONS,30.9,30.9,30.2,30.3,102715,-0.98
2014-03-18,20MICRONS,30.3,30.8,30.25,30.3,91607,0.0
2014-03-19,20MICRONS,30.3,30.8,30.1,30.3,116507,0.0
2014-03-20,20MICRONS,30.3,30.45,30.2,30.25,96068,-0.17
2014-03-21,20MICRONS,33.0,33.0,30.2,30.55,69031,0.99
2014-03-24,20MICRONS,30.2,30.75,30.15,30.2,105173,-1.15
2014-03-25,20MICRONS,30.4,30.55,30.1,30.2,194042,0.0
2014-03-26,20MICRONS,31.0,31.0,30.1,30.2,115296,0.0
2014-03-27,20MICRONS,30.6,30.6,30.1,30.15,119923,-0.17
2014-03-28,20MICRONS,30.5,30.75,30.2,30.5,98197,1.16
2014-03-31,20MICRONS,30.75,32.35,30.4,31.15,150009,2.13
2014-04-01,20MICRONS,31.8,31.8,30.75,30.85,76530,-0.96
2014-04-02,20MICRONS,31.5,33.1,30.75,31.45,175142,1.94
2014-04-03,20MICRONS,31.5,32.0,30.6,31.6,133125,0.48
2014-04-04,20MICRONS,31.0,31.9,30.45,31.35,218507,-0.79
2014-04-07,20MICRONS,31.4,32.0,31.0,31.2,67153,-0.48
2014-04-09,20MICRONS,31.6,32.3,31.55,31.65,66578,1.44
2014-04-10,20MICRONS,31.75,32.0,31.0,31.8,59139,0.47
2014-04-11,20MICRONS,31.6,31.7,31.1,31.15,75816,-2.04
2014-04-15,20MICRONS,31.25,31.75,30.6,30.75,77661,-1.28
2014-04-16,20MICRONS,30.9,31.4,30.45,30.5,304365,-0.81
2014-04-17,20MICRONS,30.55,32.0,30.55,31.45,88005,3.11
2014-04-21,20MICRONS,31.7,32.0,31.3,31.85,156380,1.27
2014-04-22,20MICRONS,31.9,32.0,31.55,31.85,94809,0.0
2014-04-23,20MICRONS,31.8,36.4,31.7,33.65,490250,5.65
2014-04-25,20MICRONS,33.8,37.4,32.0,36.05,327685,7.13
2014-04-28,20MICRONS,37.0,37.65,35.55,36.45,148430,1.11
2014-04-29,20MICRONS,37.3,37.45,34.2,34.9,81139,-4.25
2014-04-30,20MICRONS,35.9,35.9,32.7,33.6,73705,-3.72
2014-05-02,20MICRONS,33.1,34.5,33.0,33.25,58616,-1.04
2014-05-05,20MICRONS,33.5,34.0,32.55,32.8,58164,-1.35
2014-05-06,20MICRONS,33.5,33.75,32.75,33.0,44549,0.61
2014-05-07,20MICRONS,33.1,33.5,32.6,32.85,38497,-0.45
2014-05-08,20MICRONS,33.1,33.35,32.55,32.85,97951,0.0
2014-05-09,20MICRONS,32.5,33.45,32.25,32.9,99603,0.15
2014-05-12,20MICRONS,33.3,33.45,32.55,32.8,144198,-0.3
2014-05-13,20MICRONS,33.4,33.4,32.5,32.85,89972,0.15
2014-05-14,20MICRONS,33.4,35.6,32.65,34.3,125856,4.41
2014-05-15,20MICRONS,35.0,35.0,32.5,32.85,103596,-4.23
2014-05-16,20MICRONS,34.45,34.45,32.5,32.9,87059,0.15
2014-05-19,20MICRONS,32.6,35.45,32.6,34.3,107751,4.26
2014-05-20,20MICRONS,34.5,35.45,33.5,34.95,89320,1.9
2014-05-21,20MICRONS,36.0,36.2,34.0,35.75,106401,2.29
2014-05-22,20MICRONS,36.0,37.9,35.6,36.95,181462,3.36
2014-05-23,20MICRONS,38.35,38.35,36.1,37.35,91009,1.08
2014-05-26,20MICRONS,38.0,38.0,34.55,34.95,83279,-6.43
2014-05-27,20MICRONS,34.7,34.8,33.3,33.7,89227,-3.58
2014-05-28,20MICRONS,35.0,35.0,34.0,34.5,52160,2.37
2014-05-29,20MICRONS,35.55,35.6,33.4,34.1,87778,-1.16
2014-05-30,20MICRONS,34.9,34.9,33.05,33.95,113049,-0.44
2014-06-02,20MICRONS,33.0,34.4,33.0,33.75,29888,-0.59
2014-06-03,20MICRONS,34.5,36.8,33.4,36.3,168481,7.56
2014-06-04,20MICRONS,36.85,38.1,36.0,36.4,80799,0.28
2014-06-05,20MICRONS,37.4,38.5,36.0,37.55,178300,3.16
2014-06-06,20MICRONS,38.0,39.5,36.7,37.2,123673,-0.93
2014-06-09,20MICRONS,38.6,38.7,37.2,37.45,81596,0.67
2014-06-10,20MICRONS,37.9,38.0,36.35,36.75,117055,-1.87
2014-06-11,20MICRONS,36.75,37.8,35.4,35.9,73931,-2.31
2014-06-12,20MICRONS,35.9,37.8,34.4,36.1,105368,0.56
2014-06-13,20MICRONS,35.15,36.45,34.25,34.5,81821,-4.43
2014-06-16,20MICRONS,34.2,36.9,34.2,34.85,57837,1.01
2014-06-17,20MICRONS,34.45,35.6,34.1,35.0,81963,0.43
2014-06-18,20MICRONS,35.5,35.8,34.3,34.65,84917,-1.0
2014-06-19,20MICRONS,35.4,35.4,34.5,34.8,81135,0.43
2014-06-20,20MICRONS,34.55,35.0,34.4,34.85,100076,0.14
2014-06-23,20MICRONS,35.25,35.25,34.0,34.5,73479,-1.0
2014-06-24,20MICRONS,34.15,34.85,33.7,34.15,70568,-1.01
2014-06-25,20MICRONS,34.6,35.9,33.75,35.2,107660,3.07
2014-06-26,20MICRONS,35.2,42.0,35.2,36.05,108069,2.41
2014-06-27,20MICRONS,37.0,37.8,35.25,36.9,100653,2.36
2014-06-30,20MICRONS,36.85,36.85,35.1,36.3,80306,-1.63
2014-07-01,20MICRONS,36.5,36.95,35.45,35.95,115064,-0.96
2014-07-02,20MICRONS,36.1,36.9,36.1,36.45,55501,1.39
2014-07-03,20MICRONS,36.9,36.9,35.2,35.35,14082,-3.02
2014-07-04,20MICRONS,35.3,35.8,35.0,35.2,77052,-0.42
2014-07-07,20MICRONS,36.25,36.5,34.1,34.55,105834,-1.85
2014-07-08,20MICRONS,35.25,35.25,34.05,34.05,75842,-1.45
2014-07-09,20MICRONS,33.9,34.7,33.0,33.65,90840,-1.17
2014-07-10,20MICRONS,34.4,34.45,33.0,33.55,77560,-0.3
2014-07-11,20MICRONS,34.2,34.2,32.8,33.15,92784,-1.19
2014-07-14,20MICRONS,33.1,34.3,32.7,32.85,91053,-0.9
2014-07-15,20MICRONS,33.9,33.9,32.7,33.0,106244,0.46
2014-07-16,20MICRONS,33.2,33.85,32.8,33.15,65338,0.45
2014-07-17,20MICRONS,33.5,33.7,32.95,33.1,101985,-0.15
2014-07-18,20MICRONS,32.8,33.45,32.75,33.05,81976,-0.15
2014-07-21,20MICRONS,33.2,33.3,32.85,32.95,64896,-0.3
2014-07-22,20MICRONS,33.1,36.35,32.85,35.1,138561,6.53
2014-07-23,20MICRONS,34.5,34.75,33.25,33.65,37431,-4.13
2014-07-24,20MICRONS,33.5,35.4,32.9,33.05,87920,-1.78
2014-07-25,20MICRONS,33.05,33.6,32.5,32.75,82886,-0.91
2014-07-28,20MICRONS,33.0,33.2,32.0,32.45,47305,-0.92
2014-07-30,20MICRONS,32.5,32.6,31.15,31.35,86912,-3.39
2014-07-31,20MICRONS,32.5,32.5,31.25,31.55,68827,0.64
2014-08-01,20MICRONS,31.6,32.7,30.8,31.25,74212,-0.95
2014-08-04,20MICRONS,31.9,31.95,31.0,31.5,67940,0.8
2014-08-05,20MICRONS,31.85,31.9,31.2,31.5,99412,0.0
2014-08-06,20MICRONS,31.5,31.9,31.05,31.15,77338,-1.11
2014-08-07,20MICRONS,31.3,31.9,31.0,31.1,96285,-0.16
2014-08-08,20MICRONS,31.0,31.55,30.95,31.1,50441,0.0
2014-08-11,20MICRONS,31.25,32.0,31.0,31.45,84565,1.13
2014-08-12,20MICRONS,31.1,32.0,31.1,31.45,36731,0.0
2014-08-13,20MICRONS,31.1,31.65,31.0,31.15,70570,-0.95
2014-08-14,20MICRONS,31.45,32.0,31.0,31.25,66894,0.32
2014-08-18,20MICRONS,31.5,31.5,31.0,31.2,67060,-0.16
2014-08-19,20MICRONS,31.25,31.65,31.15,31.4,57041,0.64
2014-08-20,20MICRONS,31.2,31.6,31.15,31.25,58752,-0.48
2014-08-21,20MICRONS,31.05,32.0,31.0,31.45,84371,0.64
2014-08-22,20MICRONS,31.3,31.55,30.8,31.1,93547,-1.11
2014-08-25,20MICRONS,30.8,31.5,30.7,31.05,66118,-0.16
2014-08-26,20MICRONS,30.6,31.3,30.6,30.95,56390,-0.32
2014-08-27,20MICRONS,31.3,31.4,30.65,30.95,67729,0.0
2014-08-28,20MICRONS,31.1,36.0,31.0,33.95,265657,9.69
2014-09-01,20MICRONS,34.3,35.35,32.05,34.5,53094,1.62
2014-09-02,20MICRONS,34.8,34.85,33.5,33.7,48441,-2.32
2014-09-03,20MICRONS,34.9,34.9,32.5,32.85,53483,-2.52
2014-09-04,20MICRONS,33.0,33.45,31.0,31.95,94219,-2.74
2014-09-05,20MICRONS,32.5,32.75,31.55,31.95,109866,0.0
2014-09-08,20MICRONS,32.4,33.3,31.9,32.9,64430,2.97
2014-09-09,20MICRONS,32.95,33.1,31.4,31.75,70164,-3.5
2014-09-10,20MICRONS,31.3,32.9,31.3,31.9,70705,0.47
2014-09-11,20MICRONS,32.3,33.0,32.0,32.8,72036,2.82
2014-09-12,20MICRONS,32.9,35.8,31.8,34.25,99920,4.42
2014-09-15,20MICRONS,34.0,34.95,32.1,33.55,74885,-2.04
2014-09-16,20MICRONS,33.4,34.0,31.6,32.0,65744,-4.62
2014-09-17,20MICRONS,32.8,32.8,31.5,31.65,68791,-1.09
2014-09-18,20MICRONS,31.95,32.4,31.5,32.1,76940,1.42
2014-09-19,20MICRONS,32.5,32.5,31.7,31.9,91832,-0.62
2014-09-22,20MICRONS,31.6,32.2,31.5,31.95,65455,0.16
2014-09-23,20MICRONS,31.8,32.3,31.0,31.5,59780,-1.41
2014-09-24,20MICRONS,31.6,31.75,30.8,31.0,84153,-1.59
2014-09-25,20MICRONS,31.0,31.45,30.5,30.8,66380,-0.65
2014-09-26,20MICRONS,30.55,31.0,30.2,30.5,91300,-0.97
2014-09-29,20MICRONS,30.55,30.9,30.35,30.45,49883,-0.16
2014-09-30,20MICRONS,30.8,30.8,30.3,30.4,51176,-0.16
2014-10-01,20MICRONS,30.5,30.7,30.2,30.45,81100,0.16
2014-10-07,20MICRONS,30.55,31.0,30.3,30.5,76015,0.16
2014-10-08,20MICRONS,30.65,30.65,30.35,30.45,49421,-0.16
2014-10-09,20MICRONS,30.65,30.75,30.3,30.4,67789,-0.16
2014-10-10,20MICRONS,30.3,30.65,30.2,30.3,71402,-0.33
2014-10-13,20MICRONS,30.9,30.9,30.25,30.35,55492,0.17
2014-10-14,20MICRONS,30.55,30.55,30.25,30.3,59124,-0.16
2014-10-16,20MICRONS,30.3,30.75,30.3,30.45,67661,0.5
2014-10-17,20MICRONS,30.5,30.85,30.2,30.3,64711,-0.49
2014-10-20,20MICRONS,30.25,30.9,30.25,30.3,42145,0.0
2014-10-21,20MICRONS,30.35,32.2,30.35,31.95,95544,5.45
2014-10-22,20MICRONS,32.0,32.4,31.15,31.45,53604,-1.56
2014-10-23,20MICRONS,31.75,32.0,30.7,31.3,17929,-0.48
2014-10-27,20MICRONS,32.0,32.0,31.15,31.45,28589,0.48
2014-10-28,20MICRONS,31.25,31.65,30.7,31.1,43319,-1.11
2014-10-29,20MICRONS,31.05,31.45,30.7,30.85,54443,-0.8
2014-10-30,20MICRONS,31.0,31.6,30.4,30.75,78925,-0.32
2014-10-31,20MICRONS,30.8,32.4,30.7,31.15,62519,1.3
2014-11-03,20MICRONS,31.2,31.45,30.65,30.85,78511,-0.96
2014-11-05,20MICRONS,30.6,31.3,30.6,30.85,71721,0.0
2014-11-07,20MICRONS,31.1,31.15,30.6,30.65,61069,-0.65
2014-11-10,20MICRONS,31.65,31.65,30.6,30.85,59018,0.65
2014-11-11,20MICRONS,31.0,31.6,30.6,30.7,72810,-0.49
2014-11-12,20MICRONS,31.05,31.05,30.65,30.7,38757,0.0
2014-11-13,20MICRONS,30.5,30.85,30.5,30.75,46513,0.16
2014-11-14,20MICRONS,30.9,30.9,30.6,30.65,55098,-0.33
2014-11-17,20MICRONS,30.95,30.95,30.5,30.55,46090,-0.33
2014-11-18,20MICRONS,30.9,30.9,30.5,30.6,55038,0.16
2014-11-19,20MICRONS,30.8,30.85,30.5,30.55,74178,-0.16
2014-11-20,20MICRONS,30.75,31.0,30.45,30.45,93194,-0.33
2014-11-21,20MICRONS,30.5,30.8,30.4,30.5,23397,0.16
2014-11-24,20MICRONS,30.5,30.85,30.25,30.75,39716,0.82
2014-11-25,20MICRONS,31.0,32.0,30.55,31.1,69230,1.14
2014-11-26,20MICRONS,31.25,31.4,30.5,30.85,73875,-0.8
2014-11-27,20MICRONS,31.05,31.05,30.5,30.7,53867,-0.49
2014-11-28,20MICRONS,30.9,30.9,30.3,30.55,38144,-0.49
2014-12-01,20MICRONS,30.35,31.95,30.35,30.5,77949,-0.16
2014-12-02,20MICRONS,30.7,30.8,30.25,30.4,48014,-0.33
2014-12-03,20MICRONS,30.3,30.65,30.3,30.35,26953,-0.16
2014-12-04,20MICRONS,30.55,30.55,30.2,30.35,31939,0.0
2014-12-05,20MICRONS,31.5,31.5,30.25,30.3,65322,-0.16
2014-12-08,20MICRONS,30.3,30.5,30.25,30.25,58700,-0.17
2014-12-09,20MICRONS,30.5,30.6,30.15,30.2,51268,-0.17
2014-12-10,20MICRONS,30.25,30.5,30.1,30.15,54747,-0.17
2014-12-11,20MICRONS,30.25,30.5,30.15,30.15,78919,0.0
2014-12-12,20MICRONS,30.45,30.5,30.15,30.25,65307,0.33
2014-12-15,20MICRONS,30.2,31.3,30.2,30.2,47813,-0.17
2014-12-16,20MICRONS,30.4,30.4,30.0,30.1,81793,-0.33
2014-12-17,20MICRONS,30.0,30.4,27.8,30.25,185652,0.5
2014-12-18,20MICRONS,30.65,30.95,30.15,30.3,127735,0.17
2014-12-19,20MICRONS,30.45,30.45,30.1,30.2,41186,-0.33
2014-12-22,20MICRONS,30.5,30.5,30.1,30.15,51823,-0.17
2014-12-23,20MICRONS,30.4,30.9,30.1,30.3,119006,0.5
2014-12-24,20MICRONS,30.5,30.5,30.15,30.25,91034,-0.17
2014-12-26,20MICRONS,30.4,30.4,30.1,30.2,98753,-0.17
2014-12-29,20MICRONS,30.35,30.4,30.1,30.2,55993,0.0
2014-12-30,20MICRONS,30.35,31.4,30.15,30.9,75329,2.32
2014-12-31,20MICRONS,31.0,31.35,30.35,30.6,84117,-0.97
2015-01-01,20MICRONS,30.45,31.0,30.25,30.4,37604,-0.65
2015-01-02,20MICRONS,30.4,30.95,30.35,30.75,76443,1.15
2015-01-05,20MICRONS,30.9,31.4,30.4,30.85,32024,0.33
2015-01-06,20MICRONS,30.85,30.9,30.2,30.25,58283,-1.94
2015-01-07,20MICRONS,30.25,30.55,30.25,30.35,53013,0.33
2015-01-08,20MICRONS,30.85,31.0,30.4,30.9,39491,1.81
2015-01-09,20MICRONS,31.0,31.0,30.35,30.6,20967,-0.97
2015-01-12,20MICRONS,30.75,36.7,30.35,36.7,255207,19.93
2015-01-13,20MICRONS,37.0,44.0,37.0,43.85,792926,19.48
2015-01-14,20MICRONS,45.4,46.9,43.0,45.7,319962,4.22
2015-01-15,20MICRONS,46.0,47.5,42.15,45.65,103198,-0.11
2015-01-16,20MICRONS,46.6,46.6,43.9,44.35,57398,-2.85
2015-01-19,20MICRONS,44.6,45.0,42.0,42.3,52476,-4.62
2015-01-20,20MICRONS,42.5,44.8,42.2,43.6,67217,3.07
2015-01-21,20MICRONS,43.6,44.0,42.2,43.1,28818,-1.15
2015-01-22,20MICRONS,43.0,43.0,40.4,42.5,46766,-1.39
2015-01-23,20MICRONS,42.5,42.95,40.1,41.3,32714,-2.82
2015-01-27,20MICRONS,40.25,41.2,39.1,40.55,40002,-1.82
2015-01-28,20MICRONS,40.0,41.5,39.0,41.15,41930,1.48
2015-01-29,20MICRONS,40.65,41.0,39.55,40.25,40327,-2.19
2015-01-30,20MICRONS,39.4,40.8,39.0,39.1,24678,-2.86
2015-02-02,20MICRONS,39.0,40.25,39.0,39.15,19889,0.13
2015-02-03,20MICRONS,39.05,39.95,38.3,38.5,42886,-1.66
2015-02-04,20MICRONS,39.0,39.45,38.5,39.3,36198,2.08
2015-02-05,20MICRONS,40.0,40.0,38.25,38.5,32503,-2.04
2015-02-06,20MICRONS,38.5,39.4,38.25,38.55,30880,0.13
2015-02-09,20MICRONS,38.6,39.95,38.0,38.25,30369,-0.78
2015-02-10,20MICRONS,39.0,39.0,38.1,38.3,31861,0.13
2015-02-11,20MICRONS,38.9,40.0,36.75,38.4,73405,0.26
2015-02-12,20MICRONS,38.9,40.0,37.45,37.7,22541,-1.82
2015-02-13,20MICRONS,39.7,39.7,36.5,37.0,29719,-1.86
2015-02-16,20MICRONS,38.0,40.25,35.5,37.5,66317,1.35
2015-02-18,20MICRONS,38.5,39.0,36.15,36.55,48472,-2.53
2015-02-19,20MICRONS,36.55,37.5,36.05,36.5,47223,-0.14
2015-02-20,20MICRONS,36.55,37.8,35.95,36.1,22197,-1.1
2015-02-23,20MICRONS,36.7,37.0,35.5,36.3,32539,0.55
2015-02-24,20MICRONS,38.5,38.5,35.5,36.3,18803,0.0
2015-02-25,20MICRONS,36.5,37.95,35.5,35.65,33931,-1.79
2015-02-26,20MICRONS,35.9,36.25,35.0,35.25,39422,-1.12
2015-02-27,20MICRONS,36.0,37.0,35.2,35.85,35887,1.7
2015-03-02,20MICRONS,36.0,36.9,35.0,35.35,40025,-1.39
2015-03-03,20MICRONS,35.7,36.0,35.3,35.65,38004,0.85
2015-03-04,20MICRONS,35.8,36.0,35.4,35.65,33908,0.0
2015-03-05,20MICRONS,35.7,35.95,35.25,35.6,12808,-0.14
2015-03-09,20MICRONS,35.55,36.2,35.25,35.6,13870,0.0
2015-03-10,20MICRONS,35.7,35.95,35.0,35.35,15804,-0.7
2015-03-11,20MICRONS,35.5,35.8,35.05,35.1,36521,-0.71
2015-03-12,20MICRONS,35.5,36.5,35.25,35.5,35479,1.14
2015-03-13,20MICRONS,36.0,36.0,35.25,35.35,13287,-0.42
2015-03-16,20MICRONS,35.95,35.95,35.25,35.3,10373,-0.14
2015-03-17,20MICRONS,35.55,35.95,34.6,35.3,21547,0.0
2015-03-18,20MICRONS,35.5,35.95,35.05,35.1,37646,-0.57
2015-03-19,20MICRONS,35.5,35.7,35.05,35.2,35215,0.28
2015-03-20,20MICRONS,35.9,35.9,35.0,35.1,23011,-0.28
2015-03-23,20MICRONS,35.25,35.9,34.4,34.5,38282,-1.71
2015-03-24,20MICRONS,35.15,35.7,34.55,34.7,169783,0.58
2015-03-25,20MICRONS,34.6,35.0,33.75,34.1,45637,-1.73
2015-03-26,20MICRONS,34.0,34.9,33.75,33.9,44920,-0.59
2015-03-27,20MICRONS,34.6,35.4,33.3,33.95,139638,0.15
2015-03-30,20MICRONS,34.25,34.95,33.75,34.55,13182,1.77
2015-03-31,20MICRONS,34.55,38.3,33.95,35.6,27313,3.04
2015-04-01,20MICRONS,36.5,38.95,35.8,37.35,64023,4.92
2015-04-06,20MICRONS,38.0,38.5,37.15,37.9,76750,1.47
2015-04-07,20MICRONS,38.45,39.0,36.55,37.0,24470,-2.37
2015-04-08,20MICRONS,36.9,37.75,36.3,37.25,15200,0.68
2015-04-09,20MICRONS,36.5,42.7,35.5,40.2,203863,7.92
2015-04-10,20MICRONS,39.7,42.25,38.8,40.7,51565,1.24
2015-04-13,20MICRONS,40.0,41.0,36.45,37.55,97369,-7.74
2015-04-15,20MICRONS,38.6,38.7,36.05,36.5,29856,-2.8
2015-04-16,20MICRONS,38.0,38.0,35.2,35.9,40274,-1.64
2015-04-17,20MICRONS,38.45,38.45,35.0,35.6,85731,-0.84
2015-04-20,20MICRONS,35.6,36.6,34.2,34.7,49180,-2.53
2015-04-21,20MICRONS,35.0,35.1,34.0,34.7,30544,0.0
2015-04-22,20MICRONS,35.0,35.95,34.35,34.7,11880,0.0
2015-04-23,20MICRONS,35.0,35.9,34.6,35.45,12421,2.16
2015-04-24,20MICRONS,36.0,36.0,34.4,34.65,31082,-2.26
2015-04-27,20MICRONS,35.0,35.8,34.0,34.25,38550,-1.15
2015-04-28,20MICRONS,35.0,35.0,33.75,34.05,48966,-0.58
2015-04-29,20MICRONS,34.7,34.8,34.1,34.2,15014,0.44
2015-04-30,20MICRONS,35.75,35.75,33.75,33.9,17586,-0.88
2015-05-04,20MICRONS,33.9,34.4,33.75,33.85,27909,-0.15
2015-05-05,20MICRONS,34.0,40.6,33.5,38.15,160758,12.7
2015-05-06,20MICRONS,38.0,38.45,33.0,35.25,116203,-7.6
2015-05-07,20MICRONS,35.0,35.65,33.6,34.05,30904,-3.4
2015-05-08,20MICRONS,34.8,35.35,33.55,33.85,36569,-0.59
2015-05-11,20MICRONS,34.0,34.6,33.6,33.85,16268,0.0
2015-05-12,20MICRONS,34.25,34.25,33.55,33.75,44758,-0.3
2015-05-13,20MICRONS,33.75,34.4,33.5,33.65,25784,-0.3
2015-05-14,20MICRONS,33.75,33.95,33.55,33.55,13330,-0.3
2015-05-15,20MICRONS,34.25,34.25,33.25,33.25,23344,-0.89
2015-05-18,20MICRONS,33.5,33.6,33.25,33.3,12296,0.15
2015-05-19,20MICRONS,33.5,34.8,33.25,33.55,56716,0.75
2015-05-20,20MICRONS,33.5,34.5,33.5,33.65,85420,0.3
2015-05-21,20MICRONS,33.7,34.2,33.55,33.65,11430,0.0
2015-05-22,20MICRONS,33.7,34.0,33.5,33.8,14972,0.45
2015-05-25,20MICRONS,33.5,33.95,33.35,33.9,11071,0.3
2015-05-26,20MICRONS,33.95,34.35,33.35,34.25,36947,1.03
2015-05-27,20MICRONS,34.25,35.25,33.3,33.95,182756,-0.88
2015-05-28,20MICRONS,33.9,33.9,32.0,32.85,33695,-3.24
2015-05-29,20MICRONS,33.25,33.8,32.8,33.35,11136,1.52
2015-06-01,20MICRONS,33.8,33.8,32.05,32.25,17196,-3.3
2015-06-02,20MICRONS,32.7,32.8,32.0,32.15,54086,-0.31
2015-06-03,20MICRONS,32.5,32.5,31.65,32.4,31062,0.78
2015-06-04,20MICRONS,32.15,32.5,32.0,32.3,42122,-0.31
2015-06-05,20MICRONS,32.3,33.0,31.75,32.35,16297,0.15
2015-06-08,20MICRONS,32.35,33.95,32.0,33.35,153588,3.09
2015-06-09,20MICRONS,33.9,34.0,31.1,33.0,72459,-1.05
2015-06-10,20MICRONS,33.45,33.5,32.55,33.0,21911,0.0
2015-06-11,20MICRONS,34.5,34.5,32.3,33.45,63398,1.36
2015-06-12,20MICRONS,33.0,34.5,32.0,33.95,16684,1.49
2015-06-15,20MICRONS,33.9,33.9,31.35,32.35,54257,-4.71
2015-06-16,20MICRONS,32.4,33.4,31.0,32.4,54011,0.15
2015-06-17,20MICRONS,32.95,33.5,32.0,32.3,66146,-0.31
2015-06-18,20MICRONS,33.0,33.0,32.1,32.2,35089,-0.31
2015-06-19,20MICRONS,32.0,33.45,31.7,32.9,35533,2.17
2015-06-22,20MICRONS,33.0,33.0,31.85,31.95,24591,-2.89
2015-06-23,20MICRONS,32.0,32.5,31.7,31.85,43718,-0.31
2015-06-24,20MICRONS,32.4,32.7,31.1,32.25,19595,1.26
2015-06-25,20MICRONS,32.25,32.5,31.55,31.95,33551,-0.93
2015-06-26,20MICRONS,32.0,36.0,31.5,31.6,32818,-1.1
2015-06-29,20MICRONS,31.6,32.3,31.25,31.6,22092,0.0
2015-06-30,20MICRONS,32.9,33.15,31.6,32.85,51246,3.96
2015-07-01,20MICRONS,33.0,33.35,31.8,31.95,29363,-2.74
2015-07-02,20MICRONS,32.7,32.75,31.85,31.9,35751,-0.16
2015-07-03,20MICRONS,32.35,32.4,31.75,32.15,13035,0.78
2015-07-06,20MICRONS,31.65,32.9,31.65,31.85,25504,-0.93
2015-07-07,20MICRONS,32.0,32.9,31.75,32.0,45904,0.47
2015-07-08,20MICRONS,32.3,32.4,31.05,31.65,21728,-1.09
2015-07-09,20MICRONS,32.4,32.55,31.35,31.55,43645,-0.32
2015-07-10,20MICRONS,32.85,32.85,30.5,30.65,41010,-2.85
2015-07-13,20MICRONS,31.25,31.25,30.5,30.7,22138,0.16
2015-07-14,20MICRONS,31.0,31.45,30.55,30.75,44436,0.16
2015-07-15,20MICRONS,30.85,31.45,30.6,30.75,50904,0.0
2015-07-16,20MICRONS,30.85,31.2,30.25,30.6,44084,-0.49
2015-07-17,20MICRONS,30.8,30.85,30.35,30.45,20451,-0.49
2015-07-20,20MICRONS,30.6,30.9,30.3,30.4,19392,-0.16
2015-07-21,20MICRONS,31.0,31.0,29.3,30.05,67109,-1.15
2015-07-22,20MICRONS,30.45,30.45,29.6,30.0,52043,-0.17
2015-07-23,20MICRONS,32.7,32.7,29.7,30.4,27053,1.33
2015-07-24,20MICRONS,30.95,30.95,29.8,29.9,39541,-1.64
2015-07-27,20MICRONS,30.5,30.5,29.0,29.65,18026,-0.84
2015-07-28,20MICRONS,29.25,30.45,29.25,29.7,47736,0.17
2015-07-29,20MICRONS,30.0,30.35,28.5,29.4,43949,-1.01
2015-07-30,20MICRONS,29.7,29.75,28.6,29.1,21891,-1.02
2015-07-31,20MICRONS,29.1,29.35,28.5,28.8,37312,-1.03
2015-08-03,20MICRONS,29.0,29.55,28.5,28.8,41444,0.0
2015-08-04,20MICRONS,28.7,29.9,28.6,29.2,54804,1.39
2015-08-05,20MICRONS,29.4,30.4,29.0,29.6,34260,1.37
2015-08-06,20MICRONS,29.9,31.5,27.75,28.1,54669,-5.07
2015-08-07,20MICRONS,28.9,33.7,28.5,31.85,387577,13.35
2015-08-10,20MICRONS,30.7,30.8,28.55,28.8,85952,-9.58
2015-08-11,20MICRONS,29.4,30.65,28.25,28.4,122349,-1.39
2015-08-12,20MICRONS,28.9,29.4,28.0,28.2,39296,-0.7
2015-08-13,20MICRONS,28.3,28.95,27.2,27.6,63348,-2.13
2015-08-14,20MICRONS,28.4,28.8,27.25,27.75,41699,0.54
2015-08-17,20MICRONS,28.5,28.5,27.1,27.8,29387,0.18
2015-08-18,20MICRONS,28.2,28.2,27.15,27.4,30252,-1.44
2015-08-19,20MICRONS,27.7,27.8,27.15,27.3,21121,-0.36
2015-08-20,20MICRONS,27.5,27.65,26.85,27.0,58129,-1.1
2015-08-21,20MICRONS,26.05,27.4,26.05,26.65,20467,-1.3
2015-08-24,20MICRONS,26.25,26.75,25.4,25.5,26137,-4.32
2015-08-25,20MICRONS,25.5,26.0,24.9,25.4,30846,-0.39
2015-08-26,20MICRONS,25.75,26.9,25.5,25.8,11277,1.57
2015-08-27,20MICRONS,26.6,26.9,25.0,25.6,47907,-0.78
2015-08-28,20MICRONS,26.2,26.5,25.4,26.1,30717,1.95
2015-08-31,20MICRONS,26.4,26.5,25.5,26.25,24392,0.57
2015-09-01,20MICRONS,25.45,27.3,25.0,25.3,26473,-3.62
2015-09-02,20MICRONS,25.5,26.8,25.0,25.8,24072,1.98
2015-09-03,20MICRONS,26.4,27.0,25.4,25.75,50875,-0.19
2015-09-04,20MICRONS,26.3,26.3,25.0,25.55,25742,-0.78
2015-09-07,20MICRONS,25.95,26.15,24.9,25.1,29188,-1.76
2015-09-08,20MICRONS,25.5,25.5,25.0,25.45,23726,1.39
2015-09-09,20MICRONS,25.6,26.0,25.45,25.8,23111,1.38
2015-09-10,20MICRONS,25.55,26.0,25.05,25.5,27938,-1.16
2015-09-11,20MICRONS,25.85,25.95,25.15,25.35,51863,-0.59
2015-09-14,20MICRONS,25.5,25.95,25.15,25.75,16142,1.58
2015-09-15,20MICRONS,25.6,26.0,25.2,25.3,53846,-1.75
2015-09-16,20MICRONS,25.5,25.6,25.1,25.4,48708,0.4
2015-09-18,20MICRONS,25.5,25.8,25.15,25.5,39619,0.39
2015-09-21,20MICRONS,26.4,26.4,25.0,25.4,21678,-0.39
2015-09-22,20MICRONS,25.55,25.85,25.1,25.2,36108,-0.79
2015-09-23,20MICRONS,25.3,25.3,24.5,25.05,32043,-0.6
2015-09-24,20MICRONS,25.5,25.5,24.95,25.0,27482,-0.2
2015-09-28,20MICRONS,25.55,25.8,25.0,25.05,13996,0.2
2015-09-29,20MICRONS,25.4,25.5,24.95,25.1,31149,0.2
2015-09-30,20MICRONS,25.55,25.55,25.0,25.1,12962,0.0
2015-10-01,20MICRONS,25.7,25.7,24.75,25.0,23159,-0.4
2015-10-05,20MICRONS,25.4,25.6,25.0,25.45,24336,1.8
2015-10-06,20MICRONS,25.65,26.45,25.15,25.55,49165,0.39
2015-10-07,20MICRONS,25.85,25.95,25.5,25.75,30658,0.78
2015-10-08,20MICRONS,25.5,26.5,25.5,25.6,25044,-0.58
2015-10-09,20MICRONS,25.25,25.9,25.2,25.65,16273,0.2
2015-10-12,20MICRONS,25.85,26.1,25.4,25.85,32684,0.78
2015-10-13,20MICRONS,25.8,30.5,25.5,29.45,303020,13.93
2015-10-14,20MICRONS,29.7,32.45,25.8,29.95,645869,1.7
2015-10-15,20MICRONS,30.45,31.25,29.8,30.4,476248,1.5
2015-10-16,20MICRONS,30.7,30.75,29.95,30.3,182884,-0.33
2015-10-19,20MICRONS,30.3,32.2,30.1,32.0,268121,5.61
2015-10-20,20MICRONS,31.95,32.3,31.35,31.6,269907,-1.25
2015-10-21,20MICRONS,32.0,32.0,31.2,31.35,134687,-0.79
2015-10-23,20MICRONS,32.0,32.0,31.05,31.3,137195,-0.16
2015-10-26,20MICRONS,31.8,31.9,30.75,30.9,234032,-1.28
2015-10-27,20MICRONS,31.0,31.5,30.8,31.35,142542,1.46
2015-10-28,20MICRONS,31.4,31.4,29.6,30.55,152734,-2.55
2015-10-29,20MICRONS,30.55,30.65,27.5,28.25,138476,-7.53
2015-10-30,20MICRONS,29.0,32.0,28.0,30.2,706206,6.9
2015-11-02,20MICRONS,29.3,30.95,29.3,30.3,209622,0.33
2015-11-03,20MICRONS,30.0,30.6,29.5,30.0,160327,-0.99
2015-11-04,20MICRONS,29.9,30.9,29.9,30.2,176214,0.67
2015-11-05,20MICRONS,30.45,30.5,29.5,29.85,137253,-1.16
2015-11-06,20MICRONS,30.4,30.4,29.15,29.55,94413,-1.01
2015-11-09,20MICRONS,29.9,30.9,29.0,30.0,188725,1.52
2015-11-10,20MICRONS,30.95,30.95,29.65,29.9,131338,-0.33
2015-11-11,20MICRONS,30.65,30.65,29.2,29.8,7570,-0.33
2015-11-13,20MICRONS,30.45,30.45,28.6,29.3,57193,-1.68
2015-11-16,20MICRONS,29.0,29.8,27.55,28.55,169790,-2.56
2015-11-17,20MICRONS,29.0,29.4,27.95,27.95,60777,-2.1
2015-11-18,20MICRONS,28.7,29.5,27.4,27.75,242201,-0.72
2015-11-19,20MICRONS,28.65,28.7,27.9,28.0,34227,0.9
2015-11-20,20MICRONS,28.75,28.75,27.55,28.05,48343,0.18
2015-11-23,20MICRONS,28.8,28.95,27.3,27.45,148143,-2.14
2015-11-24,20MICRONS,27.85,28.25,27.15,27.3,24446,-0.55
2015-11-26,20MICRONS,27.25,28.2,27.25,27.5,118163,0.73
2015-11-27,20MICRONS,27.75,27.85,27.35,27.45,63788,-0.18
2015-11-30,20MICRONS,27.9,27.9,27.25,27.35,35183,-0.36
2015-12-01,20MICRONS,27.2,27.8,26.8,27.5,65499,0.55
2015-12-02,20MICRONS,27.65,30.35,27.2,29.1,131876,5.82
2015-12-03,20MICRONS,29.45,30.35,28.8,29.0,105247,-0.34
2015-12-04,20MICRONS,29.75,29.75,28.5,28.75,48937,-0.86
2015-12-07,20MICRONS,29.0,29.5,27.2,28.3,69551,-1.57
2015-12-08,20MICRONS,27.55,29.65,27.55,28.2,32919,-0.35
2015-12-09,20MICRONS,28.5,28.5,27.25,27.45,31132,-2.66
2015-12-10,20MICRONS,27.3,27.9,27.0,27.35,71203,-0.36
2015-12-11,20MICRONS,27.0,27.75,26.9,27.25,56592,-0.37
2015-12-14,20MICRONS,26.2,27.75,26.2,27.25,63204,0.0
2015-12-15,20MICRONS,26.6,29.8,26.6,28.05,205248,2.94
2015-12-16,20MICRONS,28.45,28.7,27.6,27.8,24397,-0.89
2015-12-17,20MICRONS,28.15,28.5,27.7,28.2,39747,1.44
2015-12-18,20MICRONS,28.9,29.5,27.85,27.95,82044,-0.89
2015-12-21,20MICRONS,27.45,28.7,27.45,27.9,83591,-0.18
2015-12-22,20MICRONS,28.25,28.5,27.7,28.05,158072,0.54
2015-12-23,20MICRONS,28.35,29.4,28.3,29.05,159542,3.57
2015-12-24,20MICRONS,29.5,33.3,28.7,31.85,317563,9.64
2015-12-28,20MICRONS,31.9,34.9,31.8,33.1,252941,3.92
2015-12-29,20MICRONS,33.5,34.4,32.15,33.0,106334,-0.3
2015-12-30,20MICRONS,32.25,38.45,32.25,36.55,784559,10.76
2015-12-31,20MICRONS,36.65,38.75,36.25,36.5,381632,-0.14
2016-01-01,20MICRONS,36.0,36.3,34.6,35.2,73518,-3.56
2016-01-04,20MICRONS,35.55,37.5,34.75,35.9,258669,1.99
2016-01-05,20MICRONS,36.45,36.7,35.4,35.55,74075,-0.97
2016-01-06,20MICRONS,35.95,36.5,35.7,35.75,83594,0.56
2016-01-07,20MICRONS,35.9,35.9,33.05,34.1,53613,-4.62
2016-01-08,20MICRONS,34.5,36.0,34.5,35.05,97928,2.79
2016-01-11,20MICRONS,34.9,37.0,34.5,36.55,123972,4.28
2016-01-12,20MICRONS,36.5,39.3,35.8,36.2,235040,-0.96
2016-01-13,20MICRONS,37.1,37.65,30.0,33.5,216155,-7.46
2016-01-14,20MICRONS,31.2,33.8,31.0,32.75,62719,-2.24
2016-01-15,20MICRONS,33.25,34.5,30.55,31.0,54109,-5.34
2016-01-18,20MICRONS,29.8,31.0,27.7,28.1,64843,-9.35
2016-01-19,20MICRONS,28.8,30.05,27.2,29.2,48353,3.91
2016-01-20,20MICRONS,29.7,30.0,27.0,28.1,37853,-3.77
2016-01-21,20MICRONS,28.75,29.3,25.35,26.35,215398,-6.23
2016-01-22,20MICRONS,27.0,27.2,26.5,26.75,45014,1.52
2016-01-25,20MICRONS,27.25,27.8,26.95,27.55,54044,2.99
2016-01-27,20MICRONS,28.0,28.0,27.15,27.3,16225,-0.91
2016-01-28,20MICRONS,27.5,27.5,26.7,26.9,65673,-1.47
2016-01-29,20MICRONS,26.8,27.65,26.8,27.3,16716,1.49
2016-02-01,20MICRONS,27.7,28.3,27.05,27.75,34694,1.65
2016-02-02,20MICRONS,28.0,28.75,27.15,27.55,26191,-0.72
2016-02-03,20MICRONS,28.15,28.15,26.05,26.5,19357,-3.81
2016-02-04,20MICRONS,26.5,27.7,26.05,26.1,11825,-1.51
2016-02-05,20MICRONS,26.0,26.6,26.0,26.5,9291,1.53
2016-02-08,20MICRONS,26.15,27.1,26.0,26.4,11366,-0.38
2016-02-09,20MICRONS,26.45,26.8,25.7,26.6,5248,0.76
2016-02-10,20MICRONS,26.0,28.75,26.0,27.6,65049,3.76
2016-02-11,20MICRONS,28.65,29.35,26.25,26.55,80235,-3.8
2016-02-12,20MICRONS,27.05,28.0,26.0,26.4,25738,-0.56
2016-02-15,20MICRONS,27.0,29.9,26.95,28.15,54313,6.63
2016-02-16,20MICRONS,29.25,29.25,27.1,27.25,15293,-3.2
2016-02-17,20MICRONS,27.75,27.75,25.7,26.55,49061,-2.57
2016-02-18,20MICRONS,27.0,27.25,26.25,26.65,33881,0.38
2016-02-19,20MICRONS,26.8,27.75,26.5,26.9,14514,0.94
2016-02-22,20MICRONS,27.8,27.8,26.1,26.65,50312,-0.93
2016-02-23,20MICRONS,27.5,27.5,26.35,26.55,4840,-0.38
2016-02-24,20MICRONS,26.1,26.25,25.8,26.2,10534,-1.32
2016-02-25,20MICRONS,26.25,26.5,25.0,25.45,17346,-2.86
2016-02-26,20MICRONS,25.8,26.95,25.7,26.4,7345,3.73
2016-02-29,20MICRONS,26.0,27.25,25.7,26.1,12609,-1.14
2016-03-01,20MICRONS,26.8,27.25,26.1,27.0,61467,3.45
2016-03-02,20MICRONS,26.7,27.6,26.7,27.15,38434,0.56
2016-03-03,20MICRONS,27.7,27.7,26.5,27.3,18063,0.55
2016-03-04,20MICRONS,27.55,27.8,27.0,27.25,20477,-0.18
2016-03-08,20MICRONS,27.25,27.7,27.0,27.2,12526,-0.18
2016-03-09,20MICRONS,27.4,27.4,26.5,26.85,9749,-1.29
2016-03-10,20MICRONS,27.6,27.6,26.2,26.75,28534,-0.37
2016-03-11,20MICRONS,27.25,27.25,26.2,26.45,15277,-1.12
2016-03-14,20MICRONS,27.2,27.75,26.9,27.6,48910,4.35
2016-03-15,20MICRONS,28.45,28.45,26.9,27.6,17151,0.0
2016-03-16,20MICRONS,28.0,28.75,27.6,28.65,45539,3.8
2016-03-17,20MICRONS,29.0,30.0,28.4,28.85,10153,0.7
2016-03-18,20MICRONS,29.8,29.8,28.0,28.45,4490,-1.39
2016-03-21,20MICRONS,29.4,29.4,28.15,28.6,6678,0.53
2016-03-22,20MICRONS,28.8,28.8,27.1,28.45,13277,-0.52
2016-03-23,20MICRONS,28.65,28.8,28.1,28.45,2890,0.0
2016-03-28,20MICRONS,27.55,28.9,27.5,27.55,42375,-3.16
2016-03-29,20MICRONS,27.55,28.5,26.9,27.3,82651,-0.91
2016-03-30,20MICRONS,27.9,28.0,27.4,27.5,22826,0.73
2016-03-31,20MICRONS,27.8,28.95,27.75,28.15,14623,2.36
2016-04-01,20MICRONS,27.95,29.15,27.5,28.5,32780,1.24
2016-04-04,20MICRONS,28.9,28.9,28.1,28.45,13002,-0.18
2016-04-05,20MICRONS,30.7,30.7,28.1,28.9,13674,1.58
2016-04-06,20MICRONS,28.5,30.6,28.5,29.95,21527,3.63
2016-04-07,20MICRONS,29.4,35.3,29.4,32.75,146241,9.35
2016-04-08,20MICRONS,32.4,33.5,31.6,32.4,17422,-1.07
2016-04-11,20MICRONS,32.95,32.95,31.45,31.65,13339,-2.31
2016-04-12,20MICRONS,32.0,32.0,31.1,31.25,14816,-1.26
2016-04-13,20MICRONS,31.8,35.9,31.2,35.0,396181,12.0
2016-04-18,20MICRONS,34.95,36.0,33.5,34.2,82109,-2.29
2016-04-20,20MICRONS,35.45,35.45,33.25,33.75,30807,-1.32
2016-04-21,20MICRONS,33.9,35.0,32.25,33.0,48174,-2.22
2016-04-22,20MICRONS,32.2,33.3,32.15,32.4,27303,-1.82
2016-04-25,20MICRONS,32.5,32.8,32.0,32.25,18081,-0.46
2016-04-26,20MICRONS,31.5,33.4,31.5,32.05,9142,-0.62
2016-04-27,20MICRONS,32.7,33.0,31.55,32.4,30177,1.09
2016-04-28,20MICRONS,34.4,34.4,31.5,31.95,17759,-1.39
2016-04-29,20MICRONS,32.4,32.4,31.4,31.7,36877,-0.78
2016-05-02,20MICRONS,31.75,32.35,31.4,32.0,13288,0.95
2016-05-03,20MICRONS,31.55,34.8,31.4,32.6,43985,1.87
2016-05-04,20MICRONS,32.8,32.8,31.65,32.0,34126,-1.84
2016-05-05,20MICRONS,32.4,32.4,31.5,32.0,18833,0.0
2016-05-06,20MICRONS,32.3,32.8,31.55,32.2,28846,0.63
2016-05-09,20MICRONS,32.8,32.8,30.55,31.75,7661,-1.4
2016-05-10,20MICRONS,32.35,33.5,31.55,32.9,36840,3.62
2016-05-11,20MICRONS,32.5,33.75,31.2,31.7,20810,-3.65
2016-05-12,20MICRONS,32.5,32.5,31.75,32.3,24031,1.89
2016-05-13,20MICRONS,32.3,33.7,31.8,32.7,12513,1.24
2016-05-16,20MICRONS,33.45,33.9,32.75,33.15,40146,1.38
2016-05-17,20MICRONS,33.4,33.45,32.5,32.5,10195,-1.96
2016-05-18,20MICRONS,33.35,33.35,32.0,32.75,5311,0.77
2016-05-19,20MICRONS,32.8,32.8,32.1,32.6,21953,-0.46
2016-05-20,20MICRONS,32.1,32.6,31.75,31.8,8905,-2.45
2016-05-23,20MICRONS,32.2,34.0,29.3,30.9,80690,-2.83
2016-05-24,20MICRONS,30.8,30.85,28.8,29.25,14229,-5.34
2016-05-25,20MICRONS,30.35,30.7,29.0,29.15,20869,-0.34
2016-05-26,20MICRONS,29.15,30.0,28.0,28.25,95483,-3.09
2016-05-27,20MICRONS,28.3,29.2,28.05,28.25,31468,0.0
2016-05-30,20MICRONS,28.65,29.2,28.1,28.3,17657,0.18
2016-05-31,20MICRONS,28.65,28.8,27.7,28.55,21378,0.88
2016-06-01,20MICRONS,28.5,29.0,28.4,28.5,37348,-0.18
2016-06-02,20MICRONS,27.85,29.5,27.85,28.6,10367,0.35
2016-06-03,20MICRONS,28.55,28.8,28.05,28.4,9963,-0.7
2016-06-06,20MICRONS,28.25,28.95,27.55,28.35,11945,-0.18
2016-06-07,20MICRONS,28.25,28.5,27.5,28.05,40357,-1.06
2016-06-08,20MICRONS,28.45,28.45,27.7,28.3,8045,0.89
2016-06-09,20MICRONS,28.55,28.6,27.5,27.9,24309,-1.41
2016-06-10,20MICRONS,28.75,30.0,28.0,28.4,25806,1.79
2016-06-13,20MICRONS,28.75,28.75,28.05,28.7,25354,1.06
2016-06-14,20MICRONS,28.75,29.3,28.35,28.65,26257,-0.17
2016-06-15,20MICRONS,29.2,30.6,28.35,29.75,80109,3.84
2016-06-16,20MICRONS,29.8,30.2,29.25,29.9,32728,0.5
2016-06-17,20MICRONS,29.9,30.25,29.2,29.3,10631,-2.01
2016-06-20,20MICRONS,29.1,30.2,28.65,29.55,18560,0.85
2016-06-21,20MICRONS,30.2,30.2,28.65,29.3,33990,-0.85
2016-06-22,20MICRONS,29.3,29.7,28.7,28.8,13332,-1.71
2016-06-23,20MICRONS,29.45,30.4,28.5,29.4,20064,2.08
2016-06-24,20MICRONS,28.7,28.95,28.0,28.65,17643,-2.55
2016-06-27,20MICRONS,28.55,29.0,28.55,28.65,20903,0.0
2016-06-28,20MICRONS,29.2,30.0,28.5,28.7,33426,0.17
2016-06-29,20MICRONS,28.8,30.5,28.8,29.6,68389,3.14
2016-06-30,20MICRONS,30.4,30.4,29.65,29.7,26432,0.34
2016-07-01,20MICRONS,30.4,31.2,29.6,30.05,89359,1.18
2016-07-04,20MICRONS,30.5,30.5,29.65,29.8,22863,-0.83
2016-07-05,20MICRONS,29.6,31.0,29.6,30.35,26244,1.85
2016-07-07,20MICRONS,30.85,30.85,29.7,29.8,29020,-1.81
2016-07-08,20MICRONS,29.75,30.4,29.5,29.9,33256,0.34
2016-07-11,20MICRONS,30.45,30.5,29.0,30.0,30012,0.33
2016-07-12,20MICRONS,29.95,30.25,29.2,29.6,17920,-1.33
2016-07-13,20MICRONS,30.35,30.35,28.55,29.4,22105,-0.68
2016-07-14,20MICRONS,29.15,29.5,28.5,29.05,14414,-1.19
2016-07-15,20MICRONS,29.6,29.8,28.75,29.25,25890,0.69
2016-07-18,20MICRONS,29.55,29.55,28.5,28.65,14699,-2.05
2016-07-19,20MICRONS,28.75,29.65,28.0,28.5,15281,-0.52
2016-07-20,20MICRONS,28.65,28.75,28.0,28.6,28749,0.35
2016-07-21,20MICRONS,28.8,29.65,28.15,28.45,6716,-0.52
2016-07-22,20MICRONS,28.8,29.15,28.05,28.55,16318,0.35
2016-07-25,20MICRONS,28.1,29.0,28.1,28.95,18470,1.4
2016-07-26,20MICRONS,29.05,29.3,28.4,28.85,15361,-0.35
2016-07-27,20MICRONS,29.4,31.0,29.35,29.8,36072,3.29
2016-07-28,20MICRONS,30.4,30.8,29.7,30.15,20958,1.17
2016-07-29,20MICRONS,30.1,30.15,29.1,29.3,31393,-2.82
2016-08-01,20MICRONS,29.7,29.7,28.5,28.85,25966,-1.54
2016-08-02,20MICRONS,29.6,30.9,29.1,29.35,20834,1.73
2016-08-03,20MICRONS,29.85,31.0,28.65,29.8,39790,1.53
2016-08-04,20MICRONS,29.8,30.55,29.8,29.9,21803,0.34
2016-08-05,20MICRONS,29.75,30.5,29.6,29.85,17227,-0.17
2016-08-08,20MICRONS,30.3,35.8,29.7,35.7,321141,19.6
2016-08-09,20MICRONS,42.8,42.8,38.1,39.0,1144140,9.24
2016-08-10,20MICRONS,39.9,41.65,37.05,39.45,419348,1.15
2016-08-11,20MICRONS,39.6,41.8,38.3,39.6,639938,0.38
2016-08-12,20MICRONS,40.0,45.0,39.2,39.85,1738322,0.63
2016-08-16,20MICRONS,40.4,40.4,37.3,39.2,350353,-1.63
2016-08-17,20MICRONS,38.5,40.75,36.8,38.6,565195,-1.53
2016-08-18,20MICRONS,39.25,39.9,38.25,39.45,201792,2.2
2016-08-19,20MICRONS,39.85,39.95,38.6,39.25,190821,-0.51
2016-08-22,20MICRONS,39.45,40.4,38.65,39.2,133495,-0.13
2016-08-23,20MICRONS,39.7,39.7,38.5,38.9,159354,-0.77
2016-08-24,20MICRONS,38.65,39.55,38.65,39.35,52451,1.16
2016-08-25,20MICRONS,39.5,39.7,38.4,38.6,78670,-1.91
2016-08-26,20MICRONS,39.0,39.5,38.25,38.7,82097,0.26
2016-08-29,20MICRONS,38.7,38.7,37.25,37.7,107618,-2.58
2016-08-30,20MICRONS,38.4,38.45,37.65,38.05,58395,0.93
2016-08-31,20MICRONS,38.8,39.0,37.8,38.2,124786,0.39
2016-09-01,20MICRONS,37.5,38.8,36.05,36.3,141885,-4.97
2016-09-02,20MICRONS,37.4,37.7,36.2,37.45,88586,3.17
2016-09-06,20MICRONS,37.6,37.75,36.6,36.95,218574,-1.34
2016-09-07,20MICRONS,37.9,38.45,34.4,37.45,200703,1.35
2016-09-08,20MICRONS,36.8,38.15,36.5,37.55,186388,0.27
2016-09-09,20MICRONS,37.2,38.25,37.0,37.55,178696,0.0
2016-09-12,20MICRONS,36.95,38.0,36.2,36.65,154505,-2.4
2016-09-14,20MICRONS,37.55,37.55,36.25,36.7,169046,0.14
2016-09-15,20MICRONS,37.2,37.45,36.35,36.65,54444,-0.14
2016-09-16,20MICRONS,37.9,40.95,36.3,37.45,602703,2.18
2016-09-19,20MICRONS,37.5,38.3,36.4,36.85,151567,-1.6
2016-09-20,20MICRONS,37.4,39.0,33.9,37.0,191700,0.41
2016-09-21,20MICRONS,37.4,37.5,36.3,36.75,170085,-0.68
2016-09-22,20MICRONS,36.7,39.5,36.7,38.95,309001,5.99
2016-09-23,20MICRONS,38.1,39.6,37.85,38.3,135931,-1.67
2016-09-26,20MICRONS,38.85,39.3,37.75,38.15,190339,-0.39
2016-09-27,20MICRONS,38.8,39.05,38.2,38.3,46735,0.39
2016-09-28,20MICRONS,38.7,39.0,37.5,38.25,174582,-0.13
2016-09-29,20MICRONS,38.9,39.75,33.05,35.15,232740,-8.1
2016-09-30,20MICRONS,34.5,36.9,34.5,36.45,68543,3.7
2016-10-03,20MICRONS,37.25,37.4,36.5,36.7,107724,0.69
2016-10-04,20MICRONS,36.6,36.9,36.0,36.2,103789,-1.36
2016-10-05,20MICRONS,36.4,36.8,36.0,36.4,88904,0.55
2016-10-06,20MICRONS,36.75,37.35,36.2,36.5,104434,0.27
2016-10-07,20MICRONS,36.45,36.75,36.05,36.4,76319,-0.27
2016-10-10,20MICRONS,36.5,36.6,30.6,35.7,252766,-1.92
2016-10-13,20MICRONS,35.7,36.0,34.6,35.2,176642,-1.4
2016-10-14,20MICRONS,35.9,38.85,35.7,37.8,158869,7.39
2016-10-17,20MICRONS,37.8,38.9,36.55,38.05,182096,0.66
2016-10-18,20MICRONS,38.45,39.0,38.2,38.55,157987,1.31
2016-10-19,20MICRONS,38.8,41.0,38.1,39.0,310553,1.17
2016-10-20,20MICRONS,39.5,40.6,38.0,39.0,247153,0.0
2016-10-21,20MICRONS,39.2,42.0,38.85,39.45,830582,1.15
2016-10-24,20MICRONS,39.7,41.0,39.25,39.9,396525,1.14
2016-10-25,20MICRONS,39.55,40.3,39.0,39.6,147302,-0.75
2016-10-26,20MICRONS,38.8,40.95,38.8,39.65,385166,0.13
2016-10-27,20MICRONS,40.0,40.0,38.05,38.5,118158,-2.9
2016-10-28,20MICRONS,38.2,40.95,38.15,39.95,410633,3.77
2016-10-30,20MICRONS,41.0,41.5,40.35,40.45,254507,1.25
2016-11-01,20MICRONS,40.3,42.75,40.3,41.75,602518,3.21
2016-11-02,20MICRONS,41.5,41.5,36.7,40.0,245622,-4.19
2016-11-03,20MICRONS,40.55,44.25,40.2,42.55,996153,6.37
2016-11-04,20MICRONS,43.3,43.7,39.75,41.0,610389,-3.64
2016-11-07,20MICRONS,46.0,46.9,42.9,43.15,905861,5.24
2016-11-08,20MICRONS,43.8,44.0,41.6,42.15,249882,-2.32
2016-11-09,20MICRONS,36.0,41.4,34.25,40.8,367774,-3.2
2016-11-10,20MICRONS,42.3,42.8,40.4,40.9,202959,0.25
2016-11-11,20MICRONS,39.5,40.5,38.6,39.05,175577,-4.52
2016-11-15,20MICRONS,39.0,39.5,35.0,36.15,212023,-7.43
2016-11-16,20MICRONS,36.35,37.5,35.6,36.15,75364,0.0
2016-11-17,20MICRONS,35.2,36.65,33.75,34.0,166923,-5.95
2016-11-18,20MICRONS,35.0,35.1,33.95,34.55,49820,1.62
2016-11-21,20MICRONS,35.15,35.15,31.4,32.35,87668,-6.37
2016-11-22,20MICRONS,33.5,33.5,32.05,32.6,47197,0.77
2016-11-23,20MICRONS,34.25,35.0,33.0,34.35,49632,5.37
2016-11-24,20MICRONS,34.75,34.95,33.25,34.7,42915,1.02
2016-11-25,20MICRONS,35.5,36.0,34.3,35.45,106054,2.16
2016-11-28,20MICRONS,36.0,36.45,35.1,35.75,55614,0.85
2016-11-29,20MICRONS,36.0,36.9,35.2,35.65,104930,-0.28
2016-11-30,20MICRONS,36.4,36.4,35.5,35.7,91455,0.14
2016-12-01,20MICRONS,36.2,36.2,35.2,35.4,59332,-0.84
2016-12-02,20MICRONS,35.0,35.25,34.1,34.25,32885,-3.25
2016-12-05,20MICRONS,33.9,34.7,31.2,34.2,107045,-0.15
2016-12-06,20MICRONS,34.8,35.8,34.0,35.2,92010,2.92
2016-12-07,20MICRONS,35.5,35.6,34.5,34.8,48310,-1.14
2016-12-08,20MICRONS,35.5,36.6,34.3,36.3,64108,4.31
2016-12-09,20MICRONS,36.45,36.95,36.1,36.6,55356,0.83
2016-12-12,20MICRONS,37.1,37.1,35.6,35.75,35574,-2.32
2016-12-13,20MICRONS,36.35,36.35,35.4,35.7,21823,-0.14
2016-12-14,20MICRONS,36.3,36.3,33.55,34.0,73395,-4.76
2016-12-15,20MICRONS,33.8,35.5,33.8,35.0,29165,2.94
2016-12-16,20MICRONS,35.5,35.5,34.65,35.0,14932,0.0
2016-12-19,20MICRONS,35.4,35.4,34.5,34.6,70277,-1.14
2016-12-20,20MICRONS,35.0,35.1,34.0,34.6,27107,0.0
2016-12-21,20MICRONS,34.9,34.9,33.7,34.05,17079,-1.59
2016-12-22,20MICRONS,34.5,34.75,33.5,34.2,25158,0.44
2016-12-23,20MICRONS,34.8,34.8,33.0,33.7,73528,-1.46
2016-12-26,20MICRONS,33.4,33.4,31.75,31.85,57536,-5.49
2016-12-27,20MICRONS,32.45,32.75,31.6,32.15,22063,0.94
2016-12-28,20MICRONS,32.6,33.2,31.9,32.35,44610,0.62
2016-12-29,20MICRONS,31.9,32.75,31.9,32.3,15567,-0.15
2016-12-30,20MICRONS,32.55,33.6,32.15,32.95,62689,2.01
2017-01-02,20MICRONS,33.4,34.3,33.0,33.85,77859,2.73
2017-01-03,20MICRONS,34.5,34.9,33.7,33.95,61513,0.3
2017-01-04,20MICRONS,34.7,35.5,34.2,34.7,56908,2.21
2017-01-05,20MICRONS,35.4,35.8,34.5,35.55,23761,2.45
2017-01-06,20MICRONS,36.2,36.2,34.1,34.45,36359,-3.09
2017-01-09,20MICRONS,34.8,35.7,31.3,33.7,74016,-2.18
2017-01-10,20MICRONS,34.0,34.55,33.1,34.3,32638,1.78
2017-01-11,20MICRONS,34.75,38.5,34.2,37.25,336220,8.6
2017-01-12,20MICRONS,37.5,38.1,35.8,36.15,69760,-2.95
2017-01-13,20MICRONS,36.5,37.0,35.0,36.25,74227,0.28
2017-01-16,20MICRONS,37.95,41.6,37.5,40.2,824259,10.9
2017-01-17,20MICRONS,41.25,43.6,41.0,41.45,1159207,3.11
2017-01-18,20MICRONS,41.55,43.2,40.0,40.65,770554,-1.93
2017-01-19,20MICRONS,40.95,42.85,40.9,41.45,434665,1.97
2017-01-20,20MICRONS,41.65,42.1,39.8,40.3,248164,-2.77
2017-01-23,20MICRONS,40.8,41.8,40.7,41.55,153277,3.1
